stitch_flat,stitch_stereo,umls_label,placebo,frequency,lower,upper,meddra_type,umls_meddra,side_effect
CID100000085,CID000010917,C0000737,,21%,0.21,0.21,LLT,C0000737,Abdominal pain
CID100000085,CID000010917,C0000737,,21%,0.21,0.21,PT,C0000737,Abdominal pain
CID100000085,CID000010917,C0000737,,21%,0.21,0.21,PT,C0687713,Gastrointestinal pain
CID100000085,CID000010917,C0000737,,5%,0.05,0.05,LLT,C0000737,Abdominal pain
CID100000085,CID000010917,C0000737,,5%,0.05,0.05,PT,C0000737,Abdominal pain
CID100000085,CID000010917,C0000737,,5%,0.05,0.05,PT,C0687713,Gastrointestinal pain
CID100000085,CID000010917,C0000737,,6%,0.06,0.06,LLT,C0000737,Abdominal pain
CID100000085,CID000010917,C0000737,,6%,0.06,0.06,PT,C0000737,Abdominal pain
CID100000085,CID000010917,C0000737,,6%,0.06,0.06,PT,C0687713,Gastrointestinal pain
CID100000085,CID000010917,C0000737,,9%,0.09,0.09,LLT,C0000737,Abdominal pain
CID100000085,CID000010917,C0000737,,9%,0.09,0.09,PT,C0000737,Abdominal pain
CID100000085,CID000010917,C0000737,,9%,0.09,0.09,PT,C0687713,Gastrointestinal pain
CID100000085,CID000010917,C0000737,placebo,17%,0.17,0.17,LLT,C0000737,Abdominal pain
CID100000085,CID000010917,C0000737,placebo,17%,0.17,0.17,PT,C0000737,Abdominal pain
CID100000085,CID000010917,C0000737,placebo,17%,0.17,0.17,PT,C0687713,Gastrointestinal pain
CID100000085,CID000010917,C0002418,,3%,0.03,0.03,LLT,C0002418,Amblyopia
CID100000085,CID000010917,C0002418,,3%,0.03,0.03,PT,C0002418,Amblyopia
CID100000085,CID000010917,C0002418,,6%,0.06,0.06,LLT,C0002418,Amblyopia
CID100000085,CID000010917,C0002418,,6%,0.06,0.06,PT,C0002418,Amblyopia
CID100000085,CID000010917,C0002418,placebo,2%,0.02,0.02,LLT,C0002418,Amblyopia
CID100000085,CID000010917,C0002418,placebo,2%,0.02,0.02,PT,C0002418,Amblyopia
CID100000085,CID000010917,C0002871,,12%,0.12,0.12,LLT,C0002871,Anaemia
CID100000085,CID000010917,C0002871,,12%,0.12,0.12,PT,C0002871,Anaemia
CID100000085,CID000010917,C0002871,,3%,0.03,0.03,LLT,C0002871,Anaemia
CID100000085,CID000010917,C0002871,,3%,0.03,0.03,PT,C0002871,Anaemia
CID100000085,CID000010917,C0002871,,5%,0.05,0.05,LLT,C0002871,Anaemia
CID100000085,CID000010917,C0002871,,5%,0.05,0.05,PT,C0002871,Anaemia
CID100000085,CID000010917,C0002871,,6%,0.06,0.06,LLT,C0002871,Anaemia
CID100000085,CID000010917,C0002871,,6%,0.06,0.06,PT,C0002871,Anaemia
CID100000085,CID000010917,C0002871,placebo,3%,0.03,0.03,LLT,C0002871,Anaemia
CID100000085,CID000010917,C0002871,placebo,3%,0.03,0.03,PT,C0002871,Anaemia
CID100000085,CID000010917,C0003123,,3%,0.03,0.03,LLT,C0003123,Anorexia
CID100000085,CID000010917,C0003123,,3%,0.03,0.03,PT,C0232462,Decreased appetite
CID100000085,CID000010917,C0003123,,5%,0.05,0.05,LLT,C0003123,Anorexia
CID100000085,CID000010917,C0003123,,5%,0.05,0.05,PT,C0232462,Decreased appetite
CID100000085,CID000010917,C0003123,,6%,0.06,0.06,LLT,C0003123,Anorexia
CID100000085,CID000010917,C0003123,,6%,0.06,0.06,PT,C0232462,Decreased appetite
CID100000085,CID000010917,C0003123,placebo,3%,0.03,0.03,LLT,C0003123,Anorexia
CID100000085,CID000010917,C0003123,placebo,3%,0.03,0.03,PT,C0232462,Decreased appetite
CID100000085,CID000010917,C0003467,,1%,0.01,0.01,LLT,C0003467,Anxiety
CID100000085,CID000010917,C0003467,,1%,0.01,0.01,PT,C0003467,Anxiety
CID100000085,CID000010917,C0003467,,2%,0.02,0.02,LLT,C0003467,Anxiety
CID100000085,CID000010917,C0003467,,2%,0.02,0.02,PT,C0003467,Anxiety
CID100000085,CID000010917,C0003467,placebo,5%,0.05,0.05,LLT,C0003467,Anxiety
CID100000085,CID000010917,C0003467,placebo,5%,0.05,0.05,PT,C0003467,Anxiety
CID100000085,CID000010917,C0003811,,2%,0.02,0.02,LLT,C0003811,Arrhythmia
CID100000085,CID000010917,C0003811,,2%,0.02,0.02,PT,C0003811,Arrhythmia
CID100000085,CID000010917,C0003811,,3%,0.03,0.03,LLT,C0003811,Arrhythmia
CID100000085,CID000010917,C0003811,,3%,0.03,0.03,PT,C0003811,Arrhythmia
CID100000085,CID000010917,C0003811,placebo,5%,0.05,0.05,LLT,C0003811,Arrhythmia
CID100000085,CID000010917,C0003811,placebo,5%,0.05,0.05,PT,C0003811,Arrhythmia
CID100000085,CID000010917,C0004093,,12%,0.12,0.12,LLT,C0004093,Asthenia
CID100000085,CID000010917,C0004093,,12%,0.12,0.12,PT,C0004093,Asthenia
CID100000085,CID000010917,C0004093,,8%,0.08,0.08,LLT,C0004093,Asthenia
CID100000085,CID000010917,C0004093,,8%,0.08,0.08,PT,C0004093,Asthenia
CID100000085,CID000010917,C0004093,,9%,0.09,0.09,LLT,C0004093,Asthenia
CID100000085,CID000010917,C0004093,,9%,0.09,0.09,PT,C0004093,Asthenia
CID100000085,CID000010917,C0004093,placebo,8%,0.08,0.08,LLT,C0004093,Asthenia
CID100000085,CID000010917,C0004093,placebo,8%,0.08,0.08,PT,C0004093,Asthenia
CID100000085,CID000010917,C0004238,,2%,0.02,0.02,LLT,C0004238,Atrial fibrillation
CID100000085,CID000010917,C0004238,,2%,0.02,0.02,PT,C0004238,Atrial fibrillation
CID100000085,CID000010917,C0004238,,6%,0.06,0.06,LLT,C0004238,Atrial fibrillation
CID100000085,CID000010917,C0004238,,6%,0.06,0.06,PT,C0004238,Atrial fibrillation
CID100000085,CID000010917,C0004604,,6%,0.06,0.06,LLT,C0004604,Back pain
CID100000085,CID000010917,C0004604,,6%,0.06,0.06,PT,C0004604,Back pain
CID100000085,CID000010917,C0004604,,8%,0.08,0.08,LLT,C0004604,Back pain
CID100000085,CID000010917,C0004604,,8%,0.08,0.08,PT,C0004604,Back pain
CID100000085,CID000010917,C0004604,,9%,0.09,0.09,LLT,C0004604,Back pain
CID100000085,CID000010917,C0004604,,9%,0.09,0.09,PT,C0004604,Back pain
CID100000085,CID000010917,C0004604,placebo,10%,0.1,0.1,LLT,C0004604,Back pain
CID100000085,CID000010917,C0004604,placebo,10%,0.1,0.1,PT,C0004604,Back pain
CID100000085,CID000010917,C0006277,,3%,0.03,0.03,LLT,C0006277,Bronchitis
CID100000085,CID000010917,C0006277,,3%,0.03,0.03,PT,C0006277,Bronchitis
CID100000085,CID000010917,C0006277,,5%,0.05,0.05,LLT,C0006277,Bronchitis
CID100000085,CID000010917,C0006277,,5%,0.05,0.05,PT,C0006277,Bronchitis
CID100000085,CID000010917,C0007222,,3%,0.03,0.03,LLT,C0007222,Cardiovascular disorder
CID100000085,CID000010917,C0007222,,3%,0.03,0.03,PT,C0007222,Cardiovascular disorder
CID100000085,CID000010917,C0007222,,5%,0.05,0.05,LLT,C0007222,Cardiovascular disorder
CID100000085,CID000010917,C0007222,,5%,0.05,0.05,PT,C0007222,Cardiovascular disorder
CID100000085,CID000010917,C0007222,,6%,0.06,0.06,LLT,C0007222,Cardiovascular disorder
CID100000085,CID000010917,C0007222,,6%,0.06,0.06,PT,C0007222,Cardiovascular disorder
CID100000085,CID000010917,C0007222,placebo,6%,0.06,0.06,LLT,C0007222,Cardiovascular disorder
CID100000085,CID000010917,C0007222,placebo,6%,0.06,0.06,PT,C0007222,Cardiovascular disorder
CID100000085,CID000010917,C0008031,,12%,0.12,0.12,LLT,C0008031,Chest pain
CID100000085,CID000010917,C0008031,,12%,0.12,0.12,PT,C0008031,Chest pain
CID100000085,CID000010917,C0008031,,15%,0.15,0.15,LLT,C0008031,Chest pain
CID100000085,CID000010917,C0008031,,15%,0.15,0.15,PT,C0008031,Chest pain
CID100000085,CID000010917,C0008031,,6%,0.06,0.06,LLT,C0008031,Chest pain
CID100000085,CID000010917,C0008031,,6%,0.06,0.06,PT,C0008031,Chest pain
CID100000085,CID000010917,C0008031,placebo,14%,0.14,0.14,LLT,C0008031,Chest pain
CID100000085,CID000010917,C0008031,placebo,14%,0.14,0.14,PT,C0008031,Chest pain
CID100000085,CID000010917,C0009450,,10%,0.1,0.1,LLT,C0009450,Infection
CID100000085,CID000010917,C0009450,,10%,0.1,0.1,PT,C0009450,Infection
CID100000085,CID000010917,C0009450,,15%,0.15,0.15,LLT,C0009450,Infection
CID100000085,CID000010917,C0009450,,15%,0.15,0.15,PT,C0009450,Infection
CID100000085,CID000010917,C0009450,,24%,0.24,0.24,LLT,C0009450,Infection
CID100000085,CID000010917,C0009450,,24%,0.24,0.24,PT,C0009450,Infection
CID100000085,CID000010917,C0009450,placebo,17%,0.17,0.17,LLT,C0009450,Infection
CID100000085,CID000010917,C0009450,placebo,17%,0.17,0.17,PT,C0009450,Infection
CID100000085,CID000010917,C0009806,,3%,0.03,0.03,LLT,C0009806,Constipation
CID100000085,CID000010917,C0009806,,3%,0.03,0.03,PT,C0009806,Constipation
CID100000085,CID000010917,C0009806,placebo,6%,0.06,0.06,LLT,C0009806,Constipation
CID100000085,CID000010917,C0009806,placebo,6%,0.06,0.06,PT,C0009806,Constipation
CID100000085,CID000010917,C0010200,,10%,0.1,0.1,LLT,C0010200,Cough
CID100000085,CID000010917,C0010200,,10%,0.1,0.1,PT,C0010200,Cough
CID100000085,CID000010917,C0010200,,18%,0.18,0.18,LLT,C0010200,Cough
CID100000085,CID000010917,C0010200,,18%,0.18,0.18,PT,C0010200,Cough
CID100000085,CID000010917,C0010200,,9%,0.09,0.09,LLT,C0010200,Cough
CID100000085,CID000010917,C0010200,,9%,0.09,0.09,PT,C0010200,Cough
CID100000085,CID000010917,C0010200,placebo,16%,0.16,0.16,LLT,C0010200,Cough
CID100000085,CID000010917,C0010200,placebo,16%,0.16,0.16,PT,C0010200,Cough
CID100000085,CID000010917,C0011570,,5%,0.05,0.05,LLT,C0011570,Depression
CID100000085,CID000010917,C0011570,,5%,0.05,0.05,PT,C0011570,Depression
CID100000085,CID000010917,C0011570,,6%,0.06,0.06,LLT,C0011570,Depression
CID100000085,CID000010917,C0011570,,6%,0.06,0.06,PT,C0011570,Depression
CID100000085,CID000010917,C0011570,placebo,3%,0.03,0.03,LLT,C0011570,Depression
CID100000085,CID000010917,C0011570,placebo,3%,0.03,0.03,PT,C0011570,Depression
CID100000085,CID000010917,C0011991,,10%,0.1,0.1,LLT,C0011991,Diarrhoea
CID100000085,CID000010917,C0011991,,10%,0.1,0.1,PT,C0011991,Diarrhoea
CID100000085,CID000010917,C0011991,,16%,0.16,0.16,LLT,C0011991,Diarrhoea
CID100000085,CID000010917,C0011991,,16%,0.16,0.16,PT,C0011991,Diarrhoea
CID100000085,CID000010917,C0011991,,35%,0.35,0.35,LLT,C0011991,Diarrhoea
CID100000085,CID000010917,C0011991,,35%,0.35,0.35,PT,C0011991,Diarrhoea
CID100000085,CID000010917,C0011991,,9%,0.09,0.09,LLT,C0011991,Diarrhoea
CID100000085,CID000010917,C0011991,,9%,0.09,0.09,PT,C0011991,Diarrhoea
CID100000085,CID000010917,C0011991,placebo,19%,0.19,0.19,LLT,C0011991,Diarrhoea
CID100000085,CID000010917,C0011991,placebo,19%,0.19,0.19,PT,C0011991,Diarrhoea
CID100000085,CID000010917,C0012833,,10%,0.1,0.1,LLT,C0012833,Dizziness
CID100000085,CID000010917,C0012833,,10%,0.1,0.1,PT,C0012833,Dizziness
CID100000085,CID000010917,C0012833,,13%,0.13,0.13,LLT,C0012833,Dizziness
CID100000085,CID000010917,C0012833,,13%,0.13,0.13,PT,C0012833,Dizziness
CID100000085,CID000010917,C0012833,,15%,0.15,0.15,LLT,C0012833,Dizziness
CID100000085,CID000010917,C0012833,,15%,0.15,0.15,PT,C0012833,Dizziness
CID100000085,CID000010917,C0012833,,18%,0.18,0.18,LLT,C0012833,Dizziness
CID100000085,CID000010917,C0012833,,18%,0.18,0.18,PT,C0012833,Dizziness
CID100000085,CID000010917,C0012833,placebo,11%,0.11,0.11,LLT,C0012833,Dizziness
CID100000085,CID000010917,C0012833,placebo,11%,0.11,0.11,PT,C0012833,Dizziness
CID100000085,CID000010917,C0013378,,2%,0.02,0.02,LLT,C0013378,Dysgeusia
CID100000085,CID000010917,C0013378,,2%,0.02,0.02,PT,C0013378,Dysgeusia
CID100000085,CID000010917,C0013378,,3%,0.03,0.03,LLT,C0013378,Dysgeusia
CID100000085,CID000010917,C0013378,,3%,0.03,0.03,PT,C0013378,Dysgeusia
CID100000085,CID000010917,C0013378,,9%,0.09,0.09,LLT,C0013378,Dysgeusia
CID100000085,CID000010917,C0013378,,9%,0.09,0.09,PT,C0013378,Dysgeusia
CID100000085,CID000010917,C0013395,,5%,0.05,0.05,LLT,C0013395,Dyspepsia
CID100000085,CID000010917,C0013395,,5%,0.05,0.05,PT,C0013395,Dyspepsia
CID100000085,CID000010917,C0013395,,6%,0.06,0.06,LLT,C0013395,Dyspepsia
CID100000085,CID000010917,C0013395,,6%,0.06,0.06,PT,C0013395,Dyspepsia
CID100000085,CID000010917,C0013395,,9%,0.09,0.09,LLT,C0013395,Dyspepsia
CID100000085,CID000010917,C0013395,,9%,0.09,0.09,PT,C0013395,Dyspepsia
CID100000085,CID000010917,C0013395,placebo,10%,0.1,0.1,LLT,C0013395,Dyspepsia
CID100000085,CID000010917,C0013395,placebo,10%,0.1,0.1,PT,C0013395,Dyspepsia
CID100000085,CID000010917,C0013404,,11%,0.11,0.11,LLT,C0013404,Dyspnoea
CID100000085,CID000010917,C0013404,,11%,0.11,0.11,PT,C0013404,Dyspnoea
CID100000085,CID000010917,C0013404,,3%,0.03,0.03,LLT,C0013404,Dyspnoea
CID100000085,CID000010917,C0013404,,3%,0.03,0.03,PT,C0013404,Dyspnoea
CID100000085,CID000010917,C0013404,,7%,0.07,0.07,LLT,C0013404,Dyspnoea
CID100000085,CID000010917,C0013404,,7%,0.07,0.07,PT,C0013404,Dyspnoea
CID100000085,CID000010917,C0013404,placebo,19%,0.19,0.19,LLT,C0013404,Dyspnoea
CID100000085,CID000010917,C0013404,placebo,19%,0.19,0.19,PT,C0013404,Dyspnoea
CID100000085,CID000010917,C0015230,,3%,0.03,0.03,LLT,C0015230,Rash
CID100000085,CID000010917,C0015230,,3%,0.03,0.03,PT,C0011603,Dermatitis
CID100000085,CID000010917,C0015230,,3%,0.03,0.03,PT,C0015230,Rash
CID100000085,CID000010917,C0015230,,5%,0.05,0.05,LLT,C0015230,Rash
CID100000085,CID000010917,C0015230,,5%,0.05,0.05,PT,C0011603,Dermatitis
CID100000085,CID000010917,C0015230,,5%,0.05,0.05,PT,C0015230,Rash
CID100000085,CID000010917,C0015230,placebo,3%,0.03,0.03,LLT,C0015230,Rash
CID100000085,CID000010917,C0015230,placebo,3%,0.03,0.03,PT,C0011603,Dermatitis
CID100000085,CID000010917,C0015230,placebo,3%,0.03,0.03,PT,C0015230,Rash
CID100000085,CID000010917,C0015397,,3%,0.03,0.03,LLT,C0015397,Eye disorder
CID100000085,CID000010917,C0015397,,3%,0.03,0.03,PT,C0015397,Eye disorder
CID100000085,CID000010917,C0015397,,6%,0.06,0.06,LLT,C0015397,Eye disorder
CID100000085,CID000010917,C0015397,,6%,0.06,0.06,PT,C0015397,Eye disorder
CID100000085,CID000010917,C0015397,placebo,3%,0.03,0.03,LLT,C0015397,Eye disorder
CID100000085,CID000010917,C0015397,placebo,3%,0.03,0.03,PT,C0015397,Eye disorder
CID100000085,CID000010917,C0015967,,12%,0.12,0.12,LLT,C0015967,Body temperature increased
CID100000085,CID000010917,C0015967,,12%,0.12,0.12,PT,C0015967,Body temperature increased
CID100000085,CID000010917,C0015967,,5%,0.05,0.05,LLT,C0015967,Body temperature increased
CID100000085,CID000010917,C0015967,,5%,0.05,0.05,PT,C0015967,Body temperature increased
CID100000085,CID000010917,C0015967,,6%,0.06,0.06,LLT,C0015967,Body temperature increased
CID100000085,CID000010917,C0015967,,6%,0.06,0.06,PT,C0015967,Body temperature increased
CID100000085,CID000010917,C0015967,,7%,0.07,0.07,LLT,C0015967,Body temperature increased
CID100000085,CID000010917,C0015967,,7%,0.07,0.07,PT,C0015967,Body temperature increased
CID100000085,CID000010917,C0015967,placebo,5%,0.05,0.05,LLT,C0015967,Body temperature increased
CID100000085,CID000010917,C0015967,placebo,5%,0.05,0.05,PT,C0015967,Body temperature increased
CID100000085,CID000010917,C0017178,,2%,0.02,0.02,LLT,C0017178,Gastrointestinal disorder
CID100000085,CID000010917,C0017178,,2%,0.02,0.02,PT,C0017178,Gastrointestinal disorder
CID100000085,CID000010917,C0017178,,3%,0.03,0.03,LLT,C0017178,Gastrointestinal disorder
CID100000085,CID000010917,C0017178,,3%,0.03,0.03,PT,C0017178,Gastrointestinal disorder
CID100000085,CID000010917,C0017178,,6%,0.06,0.06,LLT,C0017178,Gastrointestinal disorder
CID100000085,CID000010917,C0017178,,6%,0.06,0.06,PT,C0017178,Gastrointestinal disorder
CID100000085,CID000010917,C0017178,placebo,2%,0.02,0.02,LLT,C0017178,Gastrointestinal disorder
CID100000085,CID000010917,C0017178,placebo,2%,0.02,0.02,PT,C0017178,Gastrointestinal disorder
CID100000085,CID000010917,C0018681,,12%,0.12,0.12,LLT,C0018681,Headache
CID100000085,CID000010917,C0018681,,12%,0.12,0.12,PT,C0018681,Headache
CID100000085,CID000010917,C0018681,,22%,0.22,0.22,LLT,C0018681,Headache
CID100000085,CID000010917,C0018681,,22%,0.22,0.22,PT,C0018681,Headache
CID100000085,CID000010917,C0018681,,3%,0.03,0.03,LLT,C0018681,Headache
CID100000085,CID000010917,C0018681,,3%,0.03,0.03,PT,C0018681,Headache
CID100000085,CID000010917,C0018681,,37%,0.37,0.37,LLT,C0018681,Headache
CID100000085,CID000010917,C0018681,,37%,0.37,0.37,PT,C0018681,Headache
CID100000085,CID000010917,C0018681,placebo,16%,0.16,0.16,LLT,C0018681,Headache
CID100000085,CID000010917,C0018681,placebo,16%,0.16,0.16,PT,C0018681,Headache
CID100000085,CID000010917,C0019080,,2%,0.02,0.02,LLT,C0019080,Haemorrhage
CID100000085,CID000010917,C0019080,,2%,0.02,0.02,PT,C0518015,Haemoglobin
CID100000085,CID000010917,C0019080,,2%,0.02,0.02,PT,C0019080,Haemorrhage
CID100000085,CID000010917,C0019080,,3%,0.03,0.03,LLT,C0019080,Haemorrhage
CID100000085,CID000010917,C0019080,,3%,0.03,0.03,PT,C0518015,Haemoglobin
CID100000085,CID000010917,C0019080,,3%,0.03,0.03,PT,C0019080,Haemorrhage
CID100000085,CID000010917,C0019080,,4%,0.04,0.04,LLT,C0019080,Haemorrhage
CID100000085,CID000010917,C0019080,,4%,0.04,0.04,PT,C0518015,Haemoglobin
CID100000085,CID000010917,C0019080,,4%,0.04,0.04,PT,C0019080,Haemorrhage
CID100000085,CID000010917,C0019080,,9%,0.09,0.09,LLT,C0019080,Haemorrhage
CID100000085,CID000010917,C0019080,,9%,0.09,0.09,PT,C0518015,Haemoglobin
CID100000085,CID000010917,C0019080,,9%,0.09,0.09,PT,C0019080,Haemorrhage
CID100000085,CID000010917,C0019080,placebo,6%,0.06,0.06,LLT,C0019080,Haemorrhage
CID100000085,CID000010917,C0019080,placebo,6%,0.06,0.06,PT,C0518015,Haemoglobin
CID100000085,CID000010917,C0019080,placebo,6%,0.06,0.06,PT,C0019080,Haemorrhage
CID100000085,CID000010917,C0020437,,15%,0.15,0.15,LLT,C0020437,Hypercalcaemia
CID100000085,CID000010917,C0020437,,15%,0.15,0.15,PT,C0020437,Hypercalcaemia
CID100000085,CID000010917,C0020437,,6%,0.06,0.06,LLT,C0020437,Hypercalcaemia
CID100000085,CID000010917,C0020437,,6%,0.06,0.06,PT,C0020437,Hypercalcaemia
CID100000085,CID000010917,C0020437,,8%,0.08,0.08,LLT,C0020437,Hypercalcaemia
CID100000085,CID000010917,C0020437,,8%,0.08,0.08,PT,C0020437,Hypercalcaemia
CID100000085,CID000010917,C0020437,,9%,0.09,0.09,LLT,C0020437,Hypercalcaemia
CID100000085,CID000010917,C0020437,,9%,0.09,0.09,PT,C0020437,Hypercalcaemia
CID100000085,CID000010917,C0020437,placebo,3%,0.03,0.03,LLT,C0020437,Hypercalcaemia
CID100000085,CID000010917,C0020437,placebo,3%,0.03,0.03,PT,C0020437,Hypercalcaemia
CID100000085,CID000010917,C0020461,,6%,0.06,0.06,LLT,C0020461,Hyperkalaemia
CID100000085,CID000010917,C0020461,,6%,0.06,0.06,PT,C0020461,Hyperkalaemia
CID100000085,CID000010917,C0020461,placebo,6%,0.06,0.06,LLT,C0020461,Hyperkalaemia
CID100000085,CID000010917,C0020461,placebo,6%,0.06,0.06,PT,C0020461,Hyperkalaemia
CID100000085,CID000010917,C0020517,,2%,0.02,0.02,LLT,C0020517,Hypersensitivity
CID100000085,CID000010917,C0020517,,2%,0.02,0.02,PT,C0020517,Hypersensitivity
CID100000085,CID000010917,C0020517,,6%,0.06,0.06,LLT,C0020517,Hypersensitivity
CID100000085,CID000010917,C0020517,,6%,0.06,0.06,PT,C0020517,Hypersensitivity
CID100000085,CID000010917,C0020517,placebo,5%,0.05,0.05,LLT,C0020517,Hypersensitivity
CID100000085,CID000010917,C0020517,placebo,5%,0.05,0.05,PT,C0020517,Hypersensitivity
CID100000085,CID000010917,C0020538,,18%,0.18,0.18,LLT,C0020538,Hypertension
CID100000085,CID000010917,C0020538,,18%,0.18,0.18,PT,C0020538,Hypertension
CID100000085,CID000010917,C0020538,,20%,0.2,0.2,LLT,C0020538,Hypertension
CID100000085,CID000010917,C0020538,,20%,0.2,0.2,PT,C0020538,Hypertension
CID100000085,CID000010917,C0020538,,21%,0.21,0.21,LLT,C0020538,Hypertension
CID100000085,CID000010917,C0020538,,21%,0.21,0.21,PT,C0020538,Hypertension
CID100000085,CID000010917,C0020538,placebo,14%,0.14,0.14,LLT,C0020538,Hypertension
CID100000085,CID000010917,C0020538,placebo,14%,0.14,0.14,PT,C0020538,Hypertension
CID100000085,CID000010917,C0020649,,14%,0.14,0.14,LLT,C0020649,Hypotension
CID100000085,CID000010917,C0020649,,14%,0.14,0.14,PT,C0020649,Hypotension
CID100000085,CID000010917,C0020649,,15%,0.15,0.15,LLT,C0020649,Hypotension
CID100000085,CID000010917,C0020649,,15%,0.15,0.15,PT,C0020649,Hypotension
CID100000085,CID000010917,C0020649,,19%,0.19,0.19,LLT,C0020649,Hypotension
CID100000085,CID000010917,C0020649,,19%,0.19,0.19,PT,C0020649,Hypotension
CID100000085,CID000010917,C0020649,,3%,0.03,0.03,LLT,C0020649,Hypotension
CID100000085,CID000010917,C0020649,,3%,0.03,0.03,PT,C0020649,Hypotension
CID100000085,CID000010917,C0020649,placebo,19%,0.19,0.19,LLT,C0020649,Hypotension
CID100000085,CID000010917,C0020649,placebo,19%,0.19,0.19,PT,C0020649,Hypotension
CID100000085,CID000010917,C0021400,,15%,0.15,0.15,LLT,C0021400,Influenza
CID100000085,CID000010917,C0021400,,15%,0.15,0.15,PT,C0021400,Influenza
CID100000085,CID000010917,C0021400,,25%,0.25,0.25,LLT,C0021400,Influenza
CID100000085,CID000010917,C0021400,,25%,0.25,0.25,PT,C0021400,Influenza
CID100000085,CID000010917,C0021400,,27%,0.27,0.27,LLT,C0021400,Influenza
CID100000085,CID000010917,C0021400,,27%,0.27,0.27,PT,C0021400,Influenza
CID100000085,CID000010917,C0021400,,29%,0.29,0.29,LLT,C0021400,Influenza
CID100000085,CID000010917,C0021400,,29%,0.29,0.29,PT,C0021400,Influenza
CID100000085,CID000010917,C0021400,placebo,40%,0.4,0.4,LLT,C0021400,Influenza
CID100000085,CID000010917,C0021400,placebo,40%,0.4,0.4,PT,C0021400,Influenza
CID100000085,CID000010917,C0023218,,4%,0.04,0.04,LLT,C0023218,Cramps of lower extremities
CID100000085,CID000010917,C0023218,,4%,0.04,0.04,PT,C0037763,Muscle spasms
CID100000085,CID000010917,C0023218,,8%,0.08,0.08,LLT,C0023218,Cramps of lower extremities
CID100000085,CID000010917,C0023218,,8%,0.08,0.08,PT,C0037763,Muscle spasms
CID100000085,CID000010917,C0023218,placebo,13%,0.13,0.13,LLT,C0023218,Cramps of lower extremities
CID100000085,CID000010917,C0023218,placebo,13%,0.13,0.13,PT,C0037763,Muscle spasms
CID100000085,CID000010917,C0025222,,2%,0.02,0.02,LLT,C0025222,Melaena
CID100000085,CID000010917,C0025222,,2%,0.02,0.02,PT,C0025222,Melaena
CID100000085,CID000010917,C0025222,,6%,0.06,0.06,LLT,C0025222,Melaena
CID100000085,CID000010917,C0025222,,6%,0.06,0.06,PT,C0025222,Melaena
CID100000085,CID000010917,C0025222,placebo,3%,0.03,0.03,LLT,C0025222,Melaena
CID100000085,CID000010917,C0025222,placebo,3%,0.03,0.03,PT,C0025222,Melaena
CID100000085,CID000010917,C0026826,,1%,0.01,0.01,LLT,C0026826,Hypertonia
CID100000085,CID000010917,C0026826,,1%,0.01,0.01,PT,C0026826,Hypertonia
CID100000085,CID000010917,C0026826,,3%,0.03,0.03,LLT,C0026826,Hypertonia
CID100000085,CID000010917,C0026826,,3%,0.03,0.03,PT,C0026826,Hypertonia
CID100000085,CID000010917,C0026826,placebo,5%,0.05,0.05,LLT,C0026826,Hypertonia
CID100000085,CID000010917,C0026826,placebo,5%,0.05,0.05,PT,C0026826,Hypertonia
CID100000085,CID000010917,C0027497,,12%,0.12,0.12,LLT,C0027497,Nausea
CID100000085,CID000010917,C0027497,,12%,0.12,0.12,PT,C0027497,Nausea
CID100000085,CID000010917,C0027497,,5%,0.05,0.05,LLT,C0027497,Nausea
CID100000085,CID000010917,C0027497,,5%,0.05,0.05,PT,C0027497,Nausea
CID100000085,CID000010917,C0027497,,8%,0.08,0.08,LLT,C0027497,Nausea
CID100000085,CID000010917,C0027497,,8%,0.08,0.08,PT,C0027497,Nausea
CID100000085,CID000010917,C0027497,,9%,0.09,0.09,LLT,C0027497,Nausea
CID100000085,CID000010917,C0027497,,9%,0.09,0.09,PT,C0027497,Nausea
CID100000085,CID000010917,C0027497,placebo,10%,0.1,0.1,LLT,C0027497,Nausea
CID100000085,CID000010917,C0027497,placebo,10%,0.1,0.1,PT,C0027497,Nausea
CID100000085,CID000010917,C0030193,,21%,0.21,0.21,LLT,C0030193,Pain
CID100000085,CID000010917,C0030193,,21%,0.21,0.21,PT,C0030193,Pain
CID100000085,CID000010917,C0030193,,30%,0.3,0.3,LLT,C0030193,Pain
CID100000085,CID000010917,C0030193,,30%,0.3,0.3,PT,C0030193,Pain
CID100000085,CID000010917,C0030193,,32%,0.32,0.32,LLT,C0030193,Pain
CID100000085,CID000010917,C0030193,,32%,0.32,0.32,PT,C0030193,Pain
CID100000085,CID000010917,C0030193,,35%,0.35,0.35,LLT,C0030193,Pain
