DDI_Class_ID,Class_Name,Raw_Sample_Count,Class_Weight_Penalty,Balanced_Resampled_Count,Balanced_Status
25,General Enzyme Clearance Competition,12149,0.0368,4500,Normalized Weighting (Penalty: Low)
5,Primary Metabolism Competition,6867,0.0651,4500,Normalized Weighting (Penalty: Low)
9,Renal Excretion Interference,4755,0.0940,4500,Balanced Target Support
8,Hepatic CYP450 Substrate Clearance,1893,0.2361,4500,Balanced Target Support
12,Antihypertensive Hemodynamic Synergy,1557,0.2870,4500,Balanced Target Support
66,Gastrointestinal Hemorrhage Risk,632,0.7071,4500,SMOTE Oversampled
64,Hyperkalemic RAAS Blockade,240,1.8621,4500,SMOTE Oversampled (Penalty: 1.86x)
0,CNS Depression Synergy,207,2.1589,4500,SMOTE Oversampled (Penalty: 2.16x)
14,Gastric Mucosal Ulceration,365,1.2244,4500,SMOTE Oversampled (Penalty: 1.22x)
26,CYP2C19 Substrate Inhibition,25,17.836,4500,SMOTE Oversampled (Penalty: 17.8x)
42,Severe Cardiotoxicity / Arrhythmia,18,24.760,4500,Focal Loss Weighted (Penalty: 24.76x)
18,Ototoxicity Synergy,2,222.88,4500,Focal Loss Weighted (Penalty: 222.8x)
28,Severe Hypersensitivity,2,222.88,4500,Focal Loss Weighted (Penalty: 222.8x)
