DDI_Class_ID,Class_Name,Raw_Sample_Count,Class_Percentage,Sampling_Status
25,General Enzyme Clearance Competition,12149,31.69%,Majority Class (Over-represented)
5,Primary Metabolism Competition,6867,17.91%,Majority Class (Over-represented)
9,Renal Excretion Interference,4755,12.40%,Moderate Class
8,Hepatic CYP450 Substrate Clearance,1893,4.94%,Moderate Class
12,Antihypertensive Hemodynamic Synergy,1557,4.06%,Moderate Class
66,Gastrointestinal Hemorrhage Risk,632,1.65%,Minority Class
64,Hyperkalemic RAAS Blockade,240,0.63%,Minority Class
0,CNS Depression Synergy,207,0.54%,Minority Class
14,Gastric Mucosal Ulceration,365,0.95%,Minority Class
26,CYP2C19 Substrate Inhibition,25,0.07%,Rare Class (Under-represented)
42,Severe Cardiotoxicity / Arrhythmia,18,0.05%,Ultra-Rare Class (High-Risk)
18,Ototoxicity Synergy,2,0.01%,Ultra-Rare Class
28,Severe Hypersensitivity,2,0.01%,Ultra-Rare Class
